,name,age,sex,address,work,married,type
0,谢秀云,17,男,海南省,在职,已婚,公务员
1,黎帆,38,男,云南省,在职,未婚,白领
2,周刚,25,女,四川省,在职,未婚,白领
3,卞帆,45,男,广东省,在职,已婚,销售
4,郑杨,29,女,宁夏回族自治区,在职,已婚,白领
5,王璐,30,男,河南省,在职,已婚,白领
6,袁雷,31,男,浙江省,在职,未婚,白领
7,许帅,34,男,北京市,自由职业,未婚,公务员
8,彭华,37,男,贵州省,在职,离异,白领
9,张洋,18,男,宁夏回族自治区,自由职业,已婚,白领
10,吴建军,42,女,浙江省,在职,已婚,教师
11,胡玲,21,女,内蒙古自治区,在职,未婚,工人
12,尹桂花,17,女,吉林省,在职,已婚,白领
13,许建华,39,女,新疆维吾尔自治区,在职,已婚,白领
14,孙柳,44,女,河南省,在职,已婚,白领
15,覃璐,31,女,贵州省,自由职业,已婚,白领
16,周静,17,男,湖南省,在职,未婚,白领
17,胡玉华,19,男,香港特别行政区,在职,已婚,白领
18,邹志强,39,男,山东省,在职,未婚,销售
19,刘秀珍,32,男,辽宁省,在职,已婚,工人
20,蔡瑜,28,女,浙江省,自由职业,已婚,工人
21,郑勇,44,男,甘肃省,在职,未婚,公务员
22,曾文,23,男,湖南省,在职,离异,白领
23,蔡丽华,25,女,辽宁省,在职,已婚,工人
24,王秀英,42,女,山东省,在职,离异,白领
25,刘欢,28,女,贵州省,自由职业,已婚,白领
26,陈凤英,43,男,河北省,在职,已婚,白领
27,凌欣,27,男,江西省,在职,未婚,白领
28,王婷,37,男,江苏省,自由职业,离异,工人
29,彭雪,35,女,陕西省,在职,离异,工人
30,王瑜,21,女,台湾省,自由职业,已婚,白领
31,杜峰,21,女,新疆维吾尔自治区,在职,已婚,白领
32,黄想,42,男,澳门特别行政区,在职,已婚,教师
33,李淑英,45,男,西藏自治区,在职,已婚,白领
34,姚秀珍,25,女,安徽省,自由职业,已婚,教师
35,张强,25,女,陕西省,在职,已婚,白领
36,马雪梅,17,男,山西省,自由职业,未婚,工人
37,张欣,18,女,黑龙江省,自由职业,未婚,白领
38,陈雷,43,女,天津市,在职,未婚,销售
39,张洋,41,男,台湾省,在职,未婚,教师
40,李欢,40,女,黑龙江省,在职,已婚,公务员
41,王红,18,女,云南省,自由职业,未婚,白领
42,郑建军,16,女,江苏省,在职,已婚,白领
43,倪林,26,女,台湾省,在职,未婚,白领
44,徐瑜,17,女,云南省,在职,未婚,白领
45,陈秀兰,33,男,新疆维吾尔自治区,在职,已婚,公务员
46,陈婷,42,男,黑龙江省,在职,离异,白领
47,郑玉梅,36,男,辽宁省,在职,已婚,销售
48,梁英,23,女,云南省,在职,已婚,工人
49,郭英,43,女,内蒙古自治区,自由职业,已婚,教师
50,纪岩,26,男,江苏省,自由职业,已婚,白领
51,赵云,20,男,黑龙江省,在职,未婚,白领
52,王婷婷,33,男,新疆维吾尔自治区,在职,已婚,白领
53,窦晨,39,女,青海省,自由职业,离异,白领
54,任雷,44,男,西藏自治区,在职,未婚,公务员
55,白林,38,女,宁夏回族自治区,在职,离异,白领
56,朱瑞,19,男,四川省,在职,已婚,白领
57,杨燕,30,男,河南省,在职,已婚,白领
58,赵飞,29,男,贵州省,在职,已婚,白领
59,岳杰,40,男,山东省,自由职业,未婚,教师
60,张玉英,42,女,广东省,自由职业,已婚,白领
61,任龙,28,女,广东省,在职,已婚,白领
62,黄磊,30,男,山西省,在职,未婚,白领
63,杨丽丽,16,女,广东省,自由职业,离异,销售
64,任旭,21,男,湖南省,在职,未婚,工人
65,龙玉华,34,男,台湾省,自由职业,未婚,白领
66,李丽华,28,男,新疆维吾尔自治区,自由职业,未婚,白领
67,季鑫,36,女,香港特别行政区,在职,未婚,白领
68,陆岩,26,男,北京市,在职,未婚,工人
69,杨玉,22,男,重庆市,自由职业,已婚,白领
70,汤霞,29,男,广西壮族自治区,在职,离异,白领
71,高雷,32,女,内蒙古自治区,在职,离异,销售
72,傅磊,22,男,西藏自治区,在职,未婚,白领
73,胡婷,18,女,西藏自治区,在职,已婚,白领
74,谢冬梅,17,男,辽宁省,在职,离异,工人
75,吴雪,22,女,台湾省,在职,未婚,白领
76,乔帆,45,女,天津市,自由职业,已婚,工人
77,梁淑珍,41,女,江西省,在职,未婚,工人
78,张彬,39,男,新疆维吾尔自治区,自由职业,未婚,工人
79,胡秀华,26,女,新疆维吾尔自治区,自由职业,未婚,工人
80,李阳,38,男,海南省,在职,未婚,销售
81,白春梅,38,女,江苏省,在职,已婚,白领
82,陆秀珍,22,男,天津市,在职,已婚,白领
83,牛想,35,男,山东省,在职,离异,工人
84,阮强,45,女,浙江省,在职,已婚,工人
85,武洋,37,女,青海省,在职,未婚,白领
86,杨桂花,26,女,河南省,自由职业,离异,白领
87,何涛,32,男,湖南省,在职,未婚,销售
88,周雷,41,女,江西省,自由职业,已婚,白领
89,王俊,31,女,福建省,在职,已婚,销售
90,王冬梅,30,男,天津市,在职,未婚,工人
91,黄岩,38,男,宁夏回族自治区,在职,离异,工人
92,蓝琴,19,男,广东省,自由职业,已婚,公务员
93,李海燕,38,男,江西省,在职,未婚,工人
94,梁玲,33,女,江苏省,在职,未婚,白领
95,谭颖,16,女,西藏自治区,在职,未婚,工人
96,计秀芳,40,男,湖南省,自由职业,未婚,教师
97,刘旭,39,女,甘肃省,自由职业,未婚,白领
98,鲍畅,18,男,台湾省,在职,未婚,工人
99,李瑞,29,男,安徽省,在职,离异,工人
100,张晨,45,男,重庆市,在职,已婚,白领
101,庞莉,28,男,广东省,在职,未婚,工人
102,陈红梅,32,女,湖北省,在职,已婚,教师
103,朴艳,44,女,青海省,自由职业,已婚,白领
104,黄斌,30,男,山东省,自由职业,已婚,公务员
105,薛凤兰,19,男,北京市,在职,未婚,工人
106,王柳,31,女,辽宁省,自由职业,未婚,销售
107,黎玉兰,32,男,青海省,在职,离异,白领
108,叶秀梅,28,男,河北省,在职,已婚,白领
109,杨亮,25,男,广东省,在职,已婚,白领
110,廖秀华,39,男,贵州省,在职,已婚,公务员
111,刘雷,38,女,广东省,在职,已婚,白领
112,田柳,32,男,辽宁省,自由职业,未婚,公务员
113,曾梅,22,男,安徽省,自由职业,未婚,工人
114,侯岩,23,男,浙江省,在职,已婚,白领
115,苟秀荣,26,女,广西壮族自治区,自由职业,未婚,工人
116,张建华,18,男,湖南省,自由职业,未婚,白领
117,李颖,28,女,福建省,自由职业,未婚,白领
118,毛萍,44,男,广西壮族自治区,在职,离异,工人
119,白旭,27,女,山西省,在职,未婚,白领
120,蔡桂香,16,男,江西省,自由职业,未婚,白领
121,王坤,30,女,四川省,在职,已婚,工人
122,范倩,27,男,贵州省,自由职业,未婚,公务员
123,郭彬,27,男,上海市,在职,离异,教师
124,颜建华,29,女,海南省,在职,未婚,销售
125,王琳,17,男,上海市,自由职业,已婚,白领
126,季明,30,男,重庆市,自由职业,已婚,工人
127,杨桂芳,39,男,辽宁省,在职,未婚,教师
128,贺红,23,女,上海市,在职,离异,白领
129,李磊,40,男,四川省,在职,未婚,白领
130,车丽丽,44,男,辽宁省,在职,已婚,公务员
131,段晨,24,女,澳门特别行政区,在职,未婚,白领
132,郭丽娟,38,女,福建省,自由职业,已婚,工人
133,侯慧,23,女,山西省,自由职业,已婚,公务员
134,李秀珍,36,女,青海省,自由职业,未婚,工人
135,刘建华,23,女,宁夏回族自治区,在职,未婚,白领
136,郭畅,39,男,广西壮族自治区,在职,未婚,销售
137,王玲,36,男,四川省,在职,离异,工人
138,丁林,28,女,河北省,在职,未婚,教师
139,黄桂兰,26,男,安徽省,在职,未婚,教师
140,张艳,22,男,福建省,在职,未婚,白领
141,王莉,45,女,河北省,自由职业,已婚,销售
142,崔帆,24,女,湖北省,在职,已婚,工人
143,林彬,41,男,辽宁省,自由职业,已婚,销售
144,徐桂芳,41,男,江西省,在职,已婚,白领
145,潘娜,21,女,湖北省,在职,离异,公务员
146,刘杰,45,女,贵州省,自由职业,未婚,教师
147,石凯,45,男,广东省,自由职业,已婚,工人
148,张娜,38,女,吉林省,在职,未婚,白领
149,路丽丽,38,女,新疆维吾尔自治区,在职,未婚,销售
150,郑杰,41,男,内蒙古自治区,在职,已婚,工人
151,刘洋,18,男,内蒙古自治区,自由职业,未婚,公务员
152,陶建,34,男,陕西省,在职,已婚,白领
153,杨静,44,男,辽宁省,自由职业,未婚,白领
154,刘建华,26,男,河北省,自由职业,未婚,销售
155,单英,25,男,云南省,自由职业,未婚,公务员
156,钟云,30,男,吉林省,在职,已婚,白领
157,韩秀云,35,男,福建省,自由职业,已婚,工人
158,李兰英,18,男,澳门特别行政区,在职,已婚,白领
159,李凯,32,男,广西壮族自治区,自由职业,已婚,白领
160,华洁,42,男,浙江省,自由职业,未婚,白领
161,刘桂珍,39,男,香港特别行政区,在职,未婚,白领
162,谭瑜,40,女,山东省,自由职业,未婚,白领
163,夏莉,29,男,内蒙古自治区,在职,离异,白领
164,马楠,42,男,山东省,在职,已婚,工人
165,汤凯,17,男,湖南省,在职,离异,销售
166,杨桂英,32,女,甘肃省,在职,未婚,白领
167,任彬,32,女,湖南省,在职,已婚,教师
168,伍伟,24,男,广东省,在职,已婚,销售
169,孟阳,38,女,西藏自治区,在职,未婚,工人
170,张凤兰,42,女,内蒙古自治区,自由职业,已婚,白领
171,王涛,30,女,澳门特别行政区,自由职业,已婚,白领
172,姚霞,21,女,陕西省,在职,未婚,白领
173,刘燕,29,女,黑龙江省,自由职业,已婚,工人
174,赵春梅,22,男,湖南省,自由职业,已婚,教师
175,杨雪梅,23,男,云南省,在职,已婚,销售
176,李东,41,男,内蒙古自治区,在职,未婚,公务员
177,韦彬,35,女,海南省,在职,已婚,白领
178,刘波,45,女,浙江省,在职,未婚,教师
179,郭淑英,36,男,湖南省,自由职业,未婚,白领
180,刘兰英,22,女,辽宁省,自由职业,未婚,销售
181,黄林,23,男,贵州省,自由职业,已婚,销售
182,王丽丽,38,女,广西壮族自治区,自由职业,未婚,公务员
183,钟峰,20,女,澳门特别行政区,在职,已婚,工人
184,徐波,30,女,陕西省,在职,已婚,销售
185,杨玉英,18,男,西藏自治区,自由职业,未婚,白领
186,谭楠,38,男,西藏自治区,在职,离异,工人
187,姜亮,20,女,天津市,在职,已婚,销售
188,王洁,38,男,北京市,在职,已婚,白领
189,张倩,44,女,云南省,在职,已婚,白领
190,史晶,26,女,黑龙江省,在职,已婚,工人
191,何坤,34,男,台湾省,在职,未婚,工人
192,倪淑珍,27,女,北京市,在职,已婚,工人
193,张亮,33,男,青海省,在职,已婚,工人
194,刘静,40,男,甘肃省,在职,未婚,白领
195,杨超,21,女,贵州省,自由职业,已婚,公务员
196,姜秀珍,38,女,云南省,在职,未婚,工人
197,钱颖,45,男,河南省,在职,已婚,白领
198,伍倩,32,女,云南省,在职,已婚,白领
199,张玉英,38,女,江苏省,在职,未婚,白领
200,林倩,31,男,天津市,在职,已婚,白领
201,王英,33,女,山东省,自由职业,未婚,销售
202,呼东,20,女,山东省,在职,已婚,工人
203,武淑珍,33,女,重庆市,在职,未婚,白领
204,林雷,40,男,山西省,在职,已婚,公务员
205,朱桂英,16,女,河北省,自由职业,已婚,销售
206,景建华,41,男,福建省,自由职业,未婚,白领
207,罗凤兰,17,女,吉林省,在职,已婚,白领
208,杨兵,41,男,青海省,自由职业,未婚,白领
209,朱杰,25,女,宁夏回族自治区,在职,已婚,教师
210,武桂荣,21,男,陕西省,自由职业,已婚,白领
211,卢柳,24,女,山西省,在职,未婚,白领
212,唐淑珍,17,男,江西省,自由职业,未婚,工人
213,郭璐,20,女,新疆维吾尔自治区,在职,未婚,工人
214,阎旭,42,男,香港特别行政区,在职,未婚,教师
215,周秀华,25,女,云南省,在职,已婚,白领
216,杨想,19,男,吉林省,在职,已婚,白领
217,李秀梅,37,女,宁夏回族自治区,自由职业,未婚,工人
218,覃娟,22,男,海南省,在职,已婚,销售
219,赖欣,17,男,宁夏回族自治区,在职,已婚,白领
220,孙林,17,男,辽宁省,在职,未婚,公务员
221,荣琳,30,女,江苏省,在职,已婚,公务员
222,邱桂英,37,男,内蒙古自治区,自由职业,已婚,教师
223,孔兵,27,女,浙江省,在职,已婚,工人
224,李帆,41,男,辽宁省,在职,离异,白领
225,曹畅,32,女,香港特别行政区,在职,已婚,白领
226,陈秀兰,33,男,山西省,在职,未婚,销售
227,黄杰,36,女,北京市,在职,已婚,公务员
228,陈建国,23,女,贵州省,在职,已婚,白领
229,隋英,38,男,澳门特别行政区,在职,已婚,白领
230,康浩,34,女,吉林省,自由职业,已婚,白领
231,纪玲,29,男,吉林省,在职,已婚,工人
232,周婷,33,男,广西壮族自治区,在职,已婚,销售
233,韩桂英,16,男,澳门特别行政区,自由职业,未婚,工人
234,陈倩,32,女,广西壮族自治区,在职,未婚,白领
235,陈彬,16,男,新疆维吾尔自治区,自由职业,离异,教师
236,李洁,25,女,湖北省,在职,已婚,教师
237,潘利,26,女,湖北省,自由职业,未婚,白领
238,杨璐,38,女,新疆维吾尔自治区,在职,已婚,白领
239,马凤英,22,女,山东省,在职,离异,教师
240,李建华,43,女,云南省,在职,未婚,白领
241,姜海燕,38,男,澳门特别行政区,在职,已婚,白领
242,周文,31,男,湖南省,自由职业,已婚,销售
243,王金凤,27,女,湖南省,在职,未婚,销售
244,王超,29,女,陕西省,自由职业,未婚,工人
245,曾桂香,22,男,新疆维吾尔自治区,在职,已婚,销售
246,华霞,43,男,江西省,在职,已婚,教师
247,韩秀梅,19,女,福建省,自由职业,未婚,工人
248,尚丽丽,39,男,河北省,自由职业,离异,白领
249,杨娜,19,女,宁夏回族自治区,在职,未婚,公务员
250,张秀云,18,男,河南省,在职,未婚,白领
251,刘红霞,29,女,香港特别行政区,在职,已婚,教师
252,黄璐,42,男,吉林省,自由职业,已婚,教师
253,潘亮,31,女,黑龙江省,在职,已婚,白领
254,文帆,21,女,澳门特别行政区,在职,未婚,教师
255,王玉珍,35,女,天津市,在职,未婚,白领
256,罗磊,19,女,福建省,自由职业,已婚,工人
257,刘宁,39,男,上海市,自由职业,离异,白领
258,葛颖,28,女,澳门特别行政区,在职,已婚,白领
259,陈涛,16,女,辽宁省,在职,未婚,白领
260,曾龙,34,女,云南省,在职,已婚,工人
261,张岩,39,女,新疆维吾尔自治区,在职,离异,销售
262,桑英,25,女,西藏自治区,在职,未婚,白领
263,张琴,44,男,北京市,在职,离异,白领
264,赵勇,38,男,上海市,自由职业,离异,销售
265,张芳,38,男,浙江省,在职,已婚,工人
266,毛玉英,40,男,浙江省,自由职业,未婚,白领
267,李欣,16,男,新疆维吾尔自治区,自由职业,未婚,白领
268,萧艳,19,女,新疆维吾尔自治区,在职,已婚,白领
269,杨莉,21,男,云南省,在职,已婚,教师
270,李磊,39,女,安徽省,在职,未婚,白领
271,穆淑英,28,男,西藏自治区,在职,未婚,白领
272,黎畅,30,女,台湾省,自由职业,已婚,白领
273,何莹,33,女,辽宁省,在职,未婚,白领
274,熊建军,29,女,福建省,在职,已婚,白领
275,沈健,20,女,北京市,在职,已婚,白领
276,李红,20,女,江西省,自由职业,已婚,销售
277,焦波,17,女,广西壮族自治区,自由职业,已婚,白领
278,潘林,30,女,浙江省,在职,已婚,工人
279,刘峰,25,男,天津市,在职,未婚,销售
280,徐莹,33,男,广东省,在职,已婚,工人
281,孙平,20,男,澳门特别行政区,在职,已婚,公务员
282,李鑫,19,女,吉林省,在职,未婚,工人
283,陈洋,27,男,内蒙古自治区,在职,未婚,销售
284,潘秀云,39,女,北京市,自由职业,已婚,工人
285,王强,30,男,河北省,在职,未婚,销售
286,陈磊,39,女,宁夏回族自治区,自由职业,已婚,白领
287,杨博,20,男,四川省,在职,未婚,公务员
288,王瑞,34,女,上海市,在职,离异,白领
289,徐英,39,男,广西壮族自治区,在职,未婚,白领
290,杨宇,45,男,台湾省,在职,未婚,白领
291,赵红梅,45,男,西藏自治区,在职,离异,公务员
292,张鹏,22,男,内蒙古自治区,在职,未婚,教师
293,杨丹,19,男,内蒙古自治区,自由职业,未婚,白领
294,桂海燕,33,男,四川省,在职,未婚,公务员
295,瞿华,43,女,北京市,在职,未婚,白领
296,童建,22,男,江西省,在职,未婚,白领
297,刘桂荣,42,男,重庆市,在职,未婚,销售
298,杨凯,31,男,江西省,在职,未婚,销售
299,赵飞,36,男,河南省,自由职业,已婚,白领
300,刘平,18,男,海南省,自由职业,已婚,教师
301,蒋玉英,19,女,青海省,在职,已婚,销售
302,史莹,32,女,福建省,在职,已婚,白领
303,李婷,44,女,黑龙江省,自由职业,已婚,教师
304,陈斌,21,女,内蒙古自治区,在职,未婚,教师
305,郑冬梅,30,女,浙江省,自由职业,已婚,销售
306,罗鹏,42,男,河南省,在职,已婚,白领
307,郑凤兰,29,男,重庆市,在职,未婚,白领
308,李鑫,18,男,广东省,自由职业,未婚,白领
309,曾红霞,35,女,西藏自治区,自由职业,已婚,白领
310,吕颖,33,男,重庆市,在职,未婚,工人
311,郜玉珍,19,男,重庆市,在职,已婚,工人
312,李红,35,女,江苏省,在职,未婚,白领
313,郝杰,33,女,辽宁省,自由职业,未婚,白领
314,李秀兰,27,男,天津市,在职,未婚,白领
315,杨红梅,22,女,新疆维吾尔自治区,自由职业,离异,白领
316,谢成,36,男,安徽省,在职,未婚,白领
317,杨博,28,男,安徽省,自由职业,未婚,公务员
318,王利,23,女,河南省,在职,未婚,白领
319,张建平,32,女,安徽省,自由职业,已婚,白领
320,宋文,39,女,贵州省,在职,未婚,工人
321,石海燕,31,男,宁夏回族自治区,在职,已婚,白领
322,李伟,20,女,河南省,自由职业,已婚,教师
323,桂红梅,43,男,安徽省,自由职业,已婚,白领
324,胡博,33,男,安徽省,在职,未婚,白领
325,秦冬梅,17,男,海南省,在职,已婚,白领
326,戴利,16,男,陕西省,在职,已婚,销售
327,农秀云,22,男,河北省,在职,未婚,教师
328,屈璐,30,男,贵州省,在职,已婚,白领
329,沈桂花,21,女,宁夏回族自治区,在职,已婚,工人
330,曹晨,28,男,四川省,在职,未婚,工人
331,王畅,31,男,江苏省,自由职业,已婚,白领
332,郑春梅,28,男,甘肃省,在职,已婚,公务员
333,张兵,21,女,海南省,自由职业,已婚,白领
334,姚宁,26,男,江西省,在职,未婚,白领
335,伍敏,19,男,湖南省,自由职业,已婚,教师
336,李芳,29,女,新疆维吾尔自治区,在职,已婚,白领
337,王玲,22,女,山东省,自由职业,已婚,公务员
338,王玉英,17,女,内蒙古自治区,在职,未婚,公务员
339,鲜秀梅,30,女,天津市,在职,未婚,公务员
340,高岩,19,女,湖北省,自由职业,未婚,工人
341,易丽华,32,女,广西壮族自治区,在职,已婚,工人
342,刘玉兰,43,男,上海市,在职,已婚,白领
343,吕晶,41,男,四川省,在职,已婚,工人
344,侯桂芳,30,女,湖北省,在职,已婚,白领
345,张桂荣,30,男,河南省,在职,未婚,教师
346,何敏,39,女,内蒙古自治区,自由职业,未婚,工人
347,程楠,31,女,台湾省,在职,未婚,工人
348,米柳,20,男,台湾省,在职,已婚,白领
349,李建,28,男,天津市,在职,已婚,白领
350,李冬梅,34,女,浙江省,在职,未婚,工人
351,邱桂芝,42,男,上海市,在职,未婚,销售
352,田云,41,女,浙江省,在职,已婚,白领
353,戴飞,16,女,海南省,在职,已婚,公务员
354,余秀珍,42,男,西藏自治区,在职,已婚,白领
355,张丽,33,女,甘肃省,自由职业,未婚,工人
356,马建平,22,男,陕西省,在职,未婚,公务员
357,唐玉梅,36,女,安徽省,自由职业,未婚,白领
358,唐成,37,男,上海市,自由职业,已婚,白领
359,杨辉,23,女,海南省,自由职业,已婚,白领
360,李云,42,女,安徽省,自由职业,已婚,教师
361,蓝飞,31,男,甘肃省,在职,已婚,教师
362,徐成,35,女,海南省,在职,已婚,工人
363,萧英,23,女,浙江省,自由职业,未婚,白领
364,薛彬,44,女,重庆市,在职,未婚,白领
365,范辉,39,男,吉林省,在职,已婚,白领
366,许桂兰,22,男,宁夏回族自治区,在职,未婚,白领
367,李东,43,女,内蒙古自治区,在职,未婚,教师
368,毛萍,27,男,河南省,在职,未婚,公务员
369,廖雷,40,女,内蒙古自治区,在职,离异,公务员
370,陆婷婷,23,女,吉林省,在职,未婚,白领
371,郭利,43,男,四川省,在职,已婚,白领
372,蒋淑英,27,男,陕西省,在职,未婚,白领
373,李瑞,20,男,陕西省,在职,未婚,白领
374,杨平,17,男,北京市,在职,已婚,白领
375,杨雷,20,女,广西壮族自治区,自由职业,已婚,白领
376,贾娟,18,男,江西省,在职,未婚,教师
377,孙秀荣,16,女,青海省,自由职业,未婚,工人
378,狄欢,37,女,山西省,在职,已婚,教师
379,赵红,22,男,青海省,在职,未婚,公务员
380,张想,28,女,黑龙江省,在职,未婚,销售
381,彭霞,21,女,宁夏回族自治区,自由职业,未婚,公务员
382,李佳,19,女,四川省,在职,未婚,白领
383,刘刚,44,男,天津市,自由职业,未婚,白领
384,赖萍,21,女,浙江省,在职,未婚,白领
385,王玉兰,37,男,海南省,在职,未婚,工人
386,刘波,33,男,黑龙江省,在职,未婚,白领
387,陆晶,45,男,湖北省,在职,已婚,白领
388,宋华,24,女,江苏省,在职,未婚,销售
389,张丽华,18,男,西藏自治区,自由职业,已婚,白领
390,杨想,21,男,吉林省,在职,未婚,公务员
391,杨桂芝,20,男,湖南省,在职,未婚,工人
392,张亮,29,女,澳门特别行政区,在职,已婚,白领
393,吴秀兰,31,女,安徽省,自由职业,已婚,白领
394,张建,38,男,青海省,在职,离异,白领
395,何帅,36,女,湖北省,自由职业,已婚,白领
396,陈峰,18,女,辽宁省,在职,离异,工人
397,温秀荣,21,女,新疆维吾尔自治区,在职,未婚,工人
398,阎慧,19,女,河北省,在职,已婚,白领
399,昝兵,24,男,安徽省,在职,已婚,公务员
400,戴建国,23,男,西藏自治区,自由职业,已婚,销售
401,邓欢,20,女,香港特别行政区,自由职业,已婚,工人
402,李兵,22,男,广西壮族自治区,在职,未婚,工人
403,李建平,33,女,重庆市,在职,已婚,白领
404,陈玉梅,37,女,内蒙古自治区,自由职业,未婚,白领
405,朱岩,27,男,湖北省,自由职业,已婚,教师
406,林莹,45,女,西藏自治区,在职,未婚,销售
407,尹晨,25,男,内蒙古自治区,自由职业,未婚,销售
408,齐利,22,女,澳门特别行政区,在职,已婚,工人
409,单娟,32,男,甘肃省,在职,未婚,公务员
410,鲍文,17,男,新疆维吾尔自治区,在职,离异,工人
411,邓婷婷,18,男,北京市,自由职业,离异,教师
412,石桂花,37,女,贵州省,在职,已婚,教师
413,齐春梅,29,男,重庆市,自由职业,已婚,教师
414,龙飞,17,男,河北省,在职,未婚,白领
415,赵帆,44,女,吉林省,在职,已婚,白领
416,袁建国,19,女,浙江省,在职,未婚,白领
417,刘宁,29,男,上海市,自由职业,未婚,白领
418,张博,30,男,湖南省,在职,未婚,公务员
419,刘兰英,24,女,贵州省,在职,已婚,教师
420,李辉,41,男,新疆维吾尔自治区,自由职业,已婚,教师
421,阎玉梅,38,女,天津市,在职,已婚,白领
422,高玉兰,41,女,河北省,在职,未婚,公务员
423,郭玉兰,20,女,重庆市,自由职业,离异,公务员
424,梁兵,24,男,广西壮族自治区,在职,已婚,公务员
425,马桂芝,34,女,黑龙江省,自由职业,未婚,白领
426,蒋淑华,29,男,江苏省,在职,已婚,工人
427,黄云,40,女,福建省,在职,已婚,白领
428,孙文,16,男,吉林省,在职,已婚,工人
429,宋宁,37,女,四川省,在职,已婚,白领
430,梁娜,37,男,贵州省,在职,未婚,公务员
431,丁志强,41,女,甘肃省,在职,未婚,白领
432,梁淑兰,34,女,河北省,在职,已婚,销售
433,王玉兰,16,女,澳门特别行政区,在职,已婚,白领
434,王婷婷,17,女,西藏自治区,在职,离异,白领
435,张雷,29,男,湖南省,自由职业,未婚,工人
436,龚欢,16,女,甘肃省,自由职业,离异,销售
437,杨丽,36,女,北京市,在职,离异,销售
438,张佳,39,女,江苏省,在职,未婚,白领
439,孙春梅,45,男,黑龙江省,自由职业,未婚,教师
440,韩秀珍,34,女,西藏自治区,自由职业,未婚,白领
441,刘荣,35,女,辽宁省,在职,未婚,教师
442,贺玉,31,女,河北省,自由职业,已婚,白领
443,杨想,31,女,西藏自治区,在职,已婚,白领
444,李辉,38,女,黑龙江省,在职,已婚,白领
445,蒋建,28,女,江苏省,在职,已婚,工人
446,唐岩,40,男,四川省,在职,未婚,工人
447,彭岩,16,女,宁夏回族自治区,在职,已婚,白领
448,许博,20,女,甘肃省,在职,未婚,教师
449,李桂芝,41,男,西藏自治区,在职,已婚,白领
450,贺琳,19,男,浙江省,自由职业,未婚,白领
451,胡霞,38,男,广东省,自由职业,未婚,白领
452,李婷,44,女,江苏省,自由职业,离异,工人
453,罗凤英,35,男,天津市,自由职业,离异,销售
454,邓建国,36,男,重庆市,自由职业,未婚,工人
455,彭宇,34,男,海南省,在职,已婚,白领
456,周丽华,41,女,广西壮族自治区,自由职业,未婚,白领
457,李洋,30,女,河北省,自由职业,未婚,工人
458,苗春梅,20,女,内蒙古自治区,在职,已婚,白领
459,刘鑫,45,男,北京市,在职,未婚,公务员
460,赵欣,24,男,台湾省,在职,未婚,工人
461,王强,38,男,江苏省,在职,离异,销售
462,李杰,22,男,山东省,自由职业,已婚,公务员
463,蓝璐,45,女,内蒙古自治区,自由职业,已婚,工人
464,郭秀芳,33,男,广东省,自由职业,未婚,白领
465,王秀云,30,男,吉林省,自由职业,未婚,教师
466,徐艳,41,女,香港特别行政区,在职,已婚,白领
467,沈霞,30,男,河南省,自由职业,已婚,工人
468,周淑珍,29,男,陕西省,在职,离异,销售
469,束建平,16,男,西藏自治区,自由职业,未婚,工人
470,方鹏,25,女,陕西省,自由职业,未婚,工人
471,陈凤英,38,男,辽宁省,在职,未婚,白领
472,李敏,17,男,浙江省,在职,未婚,教师
473,张静,44,男,云南省,自由职业,未婚,白领
474,邹玉珍,38,男,江西省,自由职业,已婚,白领
475,吕东,24,男,安徽省,在职,已婚,教师
476,朱倩,19,女,内蒙古自治区,在职,已婚,工人
477,汤鑫,16,女,甘肃省,自由职业,未婚,工人
478,王凯,17,女,贵州省,在职,未婚,教师
479,沈小红,20,男,河北省,在职,已婚,公务员
480,雷雪,43,男,内蒙古自治区,自由职业,已婚,公务员
481,何敏,20,男,山东省,在职,已婚,工人
482,赵霞,29,男,内蒙古自治区,在职,已婚,教师
483,刘鹏,37,女,江苏省,在职,未婚,工人
484,迟帅,44,女,台湾省,自由职业,离异,白领
485,王小红,27,女,浙江省,自由职业,未婚,销售
486,程阳,36,男,黑龙江省,在职,未婚,白领
487,李军,16,男,北京市,在职,已婚,白领
488,杨龙,21,男,江苏省,在职,已婚,白领
489,周文,17,男,四川省,自由职业,未婚,教师
490,孙强,19,女,湖南省,在职,未婚,公务员
491,杨秀梅,28,男,湖北省,在职,未婚,销售
492,张玉华,42,男,内蒙古自治区,在职,未婚,白领
493,王楠,24,男,吉林省,在职,已婚,公务员
494,王鑫,17,男,新疆维吾尔自治区,自由职业,已婚,销售
495,严桂珍,28,男,青海省,在职,已婚,白领
496,王云,37,男,北京市,在职,离异,白领
497,黄磊,32,男,福建省,在职,已婚,工人
498,胡冬梅,19,男,江苏省,在职,未婚,工人
499,胡楠,23,男,西藏自治区,在职,离异,教师
500,龙慧,18,男,天津市,在职,已婚,销售
501,段丹丹,24,女,江苏省,自由职业,未婚,白领
502,刘龙,24,女,四川省,自由职业,未婚,公务员
503,梁兰英,28,女,内蒙古自治区,在职,未婚,白领
504,王杨,27,男,吉林省,自由职业,未婚,白领
505,赵丹,23,男,天津市,自由职业,已婚,白领
506,谢倩,42,女,上海市,自由职业,已婚,工人
507,丁文,17,男,湖南省,自由职业,离异,白领
508,邵杨,29,男,黑龙江省,在职,已婚,白领
509,吴明,16,男,宁夏回族自治区,在职,已婚,白领
510,原峰,18,女,西藏自治区,在职,未婚,公务员
511,祝芳,20,女,北京市,在职,未婚,工人
512,叶红梅,16,男,香港特别行政区,自由职业,已婚,白领
513,赵龙,31,男,河北省,在职,已婚,销售
514,张英,20,女,山东省,在职,已婚,白领
515,方秀英,22,男,广西壮族自治区,在职,已婚,销售
516,邓鑫,38,男,辽宁省,在职,未婚,白领
517,李健,37,男,香港特别行政区,在职,已婚,公务员
518,阎丽,26,男,福建省,自由职业,已婚,白领
519,汤建军,41,女,山东省,自由职业,已婚,工人
520,张荣,23,女,黑龙江省,自由职业,已婚,销售
521,鲁楠,41,女,河北省,在职,已婚,教师
522,邓兵,17,女,贵州省,在职,已婚,教师
523,丁冬梅,34,男,山西省,在职,已婚,白领
524,鞠宁,45,女,青海省,自由职业,未婚,白领
525,孙红,26,男,陕西省,自由职业,未婚,公务员
526,秦欢,45,男,云南省,自由职业,未婚,白领
527,张军,31,女,重庆市,在职,已婚,教师
528,谭杨,23,男,西藏自治区,在职,已婚,白领
529,王岩,45,女,北京市,在职,未婚,白领
530,陈涛,42,男,浙江省,在职,未婚,白领
531,李博,30,男,吉林省,在职,离异,白领
532,夏伟,30,女,福建省,在职,未婚,白领
533,公涛,44,男,北京市,自由职业,已婚,工人
534,宋淑兰,34,女,广西壮族自治区,在职,离异,白领
535,何春梅,25,女,云南省,在职,已婚,白领
536,刘兰英,36,女,青海省,在职,已婚,工人
537,李荣,30,女,四川省,在职,已婚,白领
538,韩桂芝,44,女,湖北省,在职,已婚,教师
539,张倩,22,女,西藏自治区,在职,未婚,白领
540,杨磊,34,男,青海省,在职,未婚,白领
541,熊凤英,25,女,西藏自治区,在职,离异,工人
542,叶兰英,43,男,吉林省,在职,已婚,白领
543,王欣,43,男,澳门特别行政区,在职,离异,白领
544,吕秀芳,39,男,山东省,自由职业,离异,教师
545,谢成,17,男,重庆市,自由职业,离异,白领
546,唐林,38,女,重庆市,自由职业,已婚,销售
547,樊淑英,18,男,广东省,在职,离异,白领
548,何健,28,男,福建省,在职,未婚,工人
549,邓文,44,男,青海省,在职,已婚,白领
550,高涛,41,男,北京市,在职,未婚,白领
551,鞠丽,34,男,四川省,在职,离异,白领
552,王秀华,33,男,贵州省,在职,未婚,白领
553,王春梅,27,女,贵州省,在职,已婚,白领
554,罗华,31,女,湖南省,自由职业,已婚,白领
555,周桂芝,26,男,江西省,在职,已婚,白领
556,乔英,42,男,贵州省,在职,未婚,白领
557,杨帆,43,男,甘肃省,在职,已婚,销售
558,李小红,19,女,湖北省,在职,已婚,工人
559,李红梅,32,男,北京市,在职,离异,白领
560,屈春梅,18,女,贵州省,自由职业,未婚,销售
561,王梅,34,男,天津市,在职,未婚,白领
562,贾健,37,男,广西壮族自治区,在职,未婚,白领
563,刘莹,35,女,山东省,自由职业,已婚,公务员
564,曾娟,35,女,北京市,在职,未婚,白领
565,刘超,20,男,福建省,在职,已婚,白领
566,章建平,17,女,辽宁省,在职,未婚,工人
567,张兰英,42,男,香港特别行政区,在职,未婚,销售
568,赵成,23,女,广西壮族自治区,自由职业,已婚,工人
569,叶瑜,32,男,宁夏回族自治区,在职,已婚,工人
570,陈平,32,男,福建省,在职,已婚,公务员
571,林瑜,43,男,海南省,自由职业,已婚,白领
572,严东,19,女,宁夏回族自治区,在职,未婚,工人
573,豆宁,40,男,江苏省,在职,已婚,白领
574,戴琴,36,女,贵州省,在职,未婚,白领
575,黄晨,45,男,黑龙江省,在职,已婚,白领
576,张丽,44,女,陕西省,在职,未婚,公务员
577,许建军,43,男,浙江省,在职,未婚,教师
578,秦俊,43,男,云南省,在职,已婚,销售
579,张小红,21,女,重庆市,在职,未婚,白领
580,王晨,22,男,海南省,在职,已婚,教师
581,谭桂荣,30,男,西藏自治区,在职,已婚,教师
582,崔玉华,17,男,山东省,在职,未婚,公务员
583,尹春梅,33,女,云南省,自由职业,未婚,销售
584,王柳,21,女,新疆维吾尔自治区,在职,已婚,教师
585,李雪梅,28,女,陕西省,在职,离异,白领
586,庄凤英,21,男,广西壮族自治区,在职,未婚,白领
587,陈建平,20,女,山东省,自由职业,未婚,工人
588,周静,40,女,江苏省,在职,已婚,白领
589,陈凯,38,女,四川省,自由职业,未婚,销售
590,郝红梅,33,女,安徽省,自由职业,已婚,白领
591,汪敏,22,女,安徽省,在职,离异,教师
592,汪波,17,女,湖北省,自由职业,未婚,销售
593,姜建军,41,男,湖南省,在职,已婚,白领
594,李燕,18,男,福建省,在职,未婚,白领
595,胡红梅,29,女,台湾省,自由职业,已婚,白领
596,陈雪梅,45,女,黑龙江省,自由职业,未婚,白领
597,宁建军,43,女,云南省,自由职业,离异,教师
598,王明,35,女,海南省,在职,未婚,白领
599,王秀梅,35,男,黑龙江省,自由职业,未婚,白领
600,李宇,22,男,四川省,在职,离异,公务员
601,朱阳,25,男,澳门特别行政区,在职,已婚,白领
602,陈倩,40,男,青海省,在职,已婚,销售
603,邱玲,23,女,辽宁省,自由职业,已婚,白领
604,陈明,31,女,四川省,自由职业,已婚,白领
605,戴红霞,35,女,黑龙江省,在职,离异,公务员
606,王玉英,21,男,浙江省,自由职业,未婚,工人
607,王欣,34,女,黑龙江省,在职,未婚,白领
608,尧秀芳,22,男,天津市,在职,已婚,公务员
609,席凤兰,38,女,重庆市,在职,未婚,教师
610,李兵,45,女,河南省,在职,未婚,白领
611,李飞,16,男,河南省,在职,已婚,销售
612,杨艳,24,男,山西省,在职,已婚,白领
613,李燕,29,男,福建省,自由职业,未婚,白领
614,张辉,37,男,广西壮族自治区,在职,已婚,教师
615,彭桂兰,27,男,海南省,在职,已婚,白领
616,袁丽,16,男,青海省,在职,已婚,工人
617,刘荣,18,男,河南省,自由职业,已婚,销售
618,梁华,18,男,天津市,在职,已婚,公务员
619,邓瑞,26,男,广西壮族自治区,在职,未婚,白领
620,李欢,23,女,广东省,在职,未婚,白领
621,高璐,17,女,河南省,自由职业,未婚,工人
622,黄鹏,19,男,内蒙古自治区,在职,未婚,销售
623,范超,27,男,新疆维吾尔自治区,在职,未婚,白领
624,刘秀华,20,女,北京市,自由职业,已婚,白领
625,屠红,35,男,香港特别行政区,在职,离异,白领
626,周建平,18,男,江西省,在职,已婚,工人
627,张平,39,女,重庆市,自由职业,已婚,白领
628,马兰英,36,女,安徽省,在职,未婚,教师
629,李荣,28,女,青海省,在职,已婚,白领
630,孙畅,34,女,澳门特别行政区,自由职业,已婚,工人
631,吴娟,43,女,河北省,在职,未婚,白领
632,李玉梅,31,女,广西壮族自治区,在职,已婚,白领
633,杜桂芝,41,女,内蒙古自治区,在职,未婚,白领
634,郭波,27,女,海南省,在职,已婚,工人
635,陈彬,33,男,山东省,在职,已婚,白领
636,李琳,29,女,北京市,自由职业,已婚,白领
637,覃凤兰,26,男,吉林省,自由职业,已婚,工人
638,刘玉珍,24,女,吉林省,在职,已婚,工人
639,孙淑英,32,女,云南省,自由职业,已婚,销售
640,王欣,44,男,浙江省,在职,未婚,销售
641,胡红霞,44,男,安徽省,在职,已婚,教师
642,张玉英,40,女,吉林省,在职,未婚,工人
643,王荣,38,男,河北省,自由职业,未婚,白领
644,余波,35,男,天津市,自由职业,未婚,工人
645,何静,31,男,重庆市,在职,已婚,销售
646,胡帅,36,女,陕西省,自由职业,已婚,销售
647,董建平,26,男,四川省,在职,未婚,公务员
648,陈岩,36,女,福建省,在职,未婚,白领
649,董淑珍,42,男,江苏省,在职,离异,教师
650,王华,39,女,天津市,在职,未婚,工人
651,王桂荣,24,男,广东省,在职,已婚,白领
652,张凯,43,男,内蒙古自治区,在职,未婚,工人
653,陶想,29,男,湖北省,在职,已婚,白领
654,岳秀珍,17,女,辽宁省,自由职业,已婚,白领
655,杨芳,34,男,宁夏回族自治区,在职,已婚,白领
656,祁龙,20,女,河南省,在职,未婚,公务员
657,李秀华,32,女,湖北省,自由职业,未婚,销售
658,高超,39,男,内蒙古自治区,在职,已婚,白领
659,郭杰,28,男,山东省,在职,未婚,白领
660,江玉英,26,女,重庆市,在职,已婚,工人
661,张建平,19,男,浙江省,在职,已婚,白领
662,李秀兰,18,男,河南省,在职,未婚,白领
663,朱凤英,16,男,江苏省,在职,已婚,白领
664,郝璐,37,女,宁夏回族自治区,在职,未婚,公务员
665,关秀荣,21,女,山西省,自由职业,离异,白领
666,宋欢,44,女,甘肃省,在职,已婚,白领
667,刘丽丽,42,男,河北省,自由职业,未婚,白领
668,王强,20,男,澳门特别行政区,在职,未婚,白领
669,傅阳,20,男,西藏自治区,自由职业,未婚,教师
670,梁飞,44,男,江苏省,自由职业,未婚,白领
671,莫洋,40,男,四川省,在职,已婚,销售
672,蒋冬梅,44,男,吉林省,自由职业,离异,销售
673,何博,32,男,新疆维吾尔自治区,在职,未婚,公务员
674,侯辉,21,女,宁夏回族自治区,在职,离异,公务员
675,黄淑兰,16,女,辽宁省,在职,未婚,白领
676,张萍,31,女,山西省,在职,未婚,白领
677,陈岩,19,男,上海市,在职,未婚,白领
678,左明,35,女,北京市,在职,已婚,白领
679,刘敏,25,女,黑龙江省,自由职业,已婚,教师
680,胡丽娟,42,女,宁夏回族自治区,在职,离异,白领
681,韩云,25,女,江西省,自由职业,未婚,工人
682,曹淑兰,29,男,青海省,在职,已婚,白领
683,栾琳,16,男,江西省,在职,已婚,白领
684,张莹,30,男,青海省,在职,未婚,工人
685,卢帅,20,男,四川省,在职,未婚,白领
686,刘桂英,23,女,甘肃省,在职,已婚,白领
687,祝兵,26,女,广西壮族自治区,在职,已婚,白领
688,易飞,30,男,吉林省,在职,未婚,销售
689,饶晶,41,女,广东省,在职,未婚,白领
690,卢桂芝,42,男,甘肃省,在职,未婚,工人
691,周斌,41,女,黑龙江省,自由职业,已婚,公务员
692,冯勇,22,男,上海市,在职,已婚,白领
693,苏杰,36,女,福建省,自由职业,已婚,教师
694,余彬,30,女,江苏省,在职,已婚,白领
695,田颖,34,男,广东省,自由职业,未婚,白领
696,黄峰,29,男,青海省,在职,已婚,工人
697,胡燕,39,男,北京市,自由职业,已婚,白领
698,刘林,25,女,河北省,在职,未婚,教师
699,王桂珍,31,女,辽宁省,在职,已婚,白领
700,唐琳,16,女,安徽省,在职,未婚,公务员
701,魏岩,24,男,四川省,自由职业,未婚,公务员
702,李晨,23,男,新疆维吾尔自治区,在职,已婚,白领
703,黄想,20,女,吉林省,自由职业,已婚,白领
704,林勇,23,男,福建省,在职,未婚,白领
705,徐峰,22,女,宁夏回族自治区,自由职业,未婚,白领
706,刘阳,37,女,辽宁省,在职,已婚,教师
707,李柳,32,男,吉林省,在职,未婚,销售
708,林博,32,男,内蒙古自治区,在职,未婚,公务员
709,张云,21,男,陕西省,在职,未婚,教师
710,徐想,35,女,江西省,自由职业,未婚,销售
711,彭浩,39,女,陕西省,自由职业,已婚,白领
712,邢亮,37,女,青海省,在职,离异,白领
713,温丹丹,25,女,宁夏回族自治区,自由职业,未婚,白领
714,张伟,19,男,黑龙江省,在职,已婚,白领
715,李阳,28,男,河北省,在职,未婚,工人
716,乔建华,22,男,上海市,在职,已婚,白领
717,娄凯,35,女,西藏自治区,自由职业,已婚,白领
718,邓秀芳,20,男,北京市,在职,未婚,白领
719,黄秀英,41,女,广西壮族自治区,在职,已婚,白领
720,范刚,26,男,贵州省,自由职业,已婚,销售
721,潘琴,39,男,天津市,自由职业,未婚,销售
722,汤婷,45,女,重庆市,在职,未婚,工人
723,徐玉英,35,男,四川省,在职,已婚,白领
724,盘鑫,36,男,福建省,在职,未婚,白领
725,潘瑞,36,女,福建省,在职,已婚,白领
726,殷文,30,男,贵州省,在职,未婚,工人
727,王利,31,女,湖南省,在职,已婚,工人
728,贾霞,26,女,西藏自治区,自由职业,未婚,公务员
729,孙洁,34,男,辽宁省,在职,已婚,销售
730,魏峰,38,男,湖北省,在职,离异,教师
731,沈雪,33,女,宁夏回族自治区,自由职业,已婚,工人
732,鞠晨,39,男,湖北省,自由职业,已婚,白领
733,苏柳,37,男,江西省,在职,未婚,白领
734,熊秀芳,18,女,澳门特别行政区,在职,已婚,销售
735,魏霞,34,男,福建省,在职,未婚,白领
736,刘畅,28,女,上海市,在职,未婚,白领
737,张龙,17,男,天津市,在职,已婚,白领
738,舒建国,33,男,宁夏回族自治区,在职,未婚,销售
739,金桂兰,27,女,四川省,在职,未婚,白领
740,徐丹,38,女,新疆维吾尔自治区,在职,已婚,销售
741,李欣,21,女,内蒙古自治区,在职,已婚,工人
742,杨建平,26,女,新疆维吾尔自治区,在职,已婚,公务员
743,刘敏,25,女,北京市,在职,已婚,工人
744,王辉,32,女,海南省,在职,未婚,白领
745,李秀兰,19,女,北京市,在职,未婚,白领
746,林洁,32,男,广西壮族自治区,在职,已婚,工人
747,赵斌,31,女,江西省,在职,已婚,白领
748,万兰英,18,女,青海省,自由职业,未婚,白领
749,杨畅,21,女,香港特别行政区,在职,未婚,工人
750,梁萍,37,男,山东省,在职,未婚,公务员
751,周飞,19,女,内蒙古自治区,在职,离异,白领
752,张玉英,38,男,上海市,自由职业,已婚,白领
753,廖彬,20,男,宁夏回族自治区,自由职业,已婚,白领
754,李琳,28,男,福建省,在职,未婚,销售
755,赵鹏,44,女,澳门特别行政区,自由职业,未婚,教师
756,田晶,27,女,北京市,在职,已婚,白领
757,谢淑珍,40,男,海南省,自由职业,已婚,白领
758,李秀珍,23,女,西藏自治区,在职,已婚,销售
759,程海燕,29,女,宁夏回族自治区,在职,已婚,工人
760,卢红,44,男,青海省,在职,未婚,白领
761,张亮,17,女,浙江省,自由职业,未婚,工人
762,贺杰,20,女,台湾省,在职,已婚,销售
763,王萍,18,男,台湾省,在职,已婚,销售
764,金红霞,32,女,安徽省,在职,已婚,工人
765,李凤兰,24,男,福建省,在职,未婚,公务员
766,蔡坤,37,女,湖北省,在职,已婚,白领
767,涂春梅,16,男,河北省,在职,离异,白领
768,宫洁,43,女,澳门特别行政区,在职,离异,白领
769,李淑珍,16,男,吉林省,在职,已婚,公务员
770,刘淑珍,45,男,内蒙古自治区,在职,已婚,白领
771,李玉梅,29,男,山西省,在职,已婚,白领
772,黄强,18,男,湖南省,在职,未婚,工人
773,何淑华,30,男,甘肃省,在职,离异,白领
774,蔡秀兰,45,女,河北省,在职,未婚,白领
775,鞠杨,41,男,山东省,自由职业,未婚,公务员
776,段莹,41,男,山东省,在职,已婚,白领
777,仝鑫,35,男,浙江省,在职,已婚,销售
778,方凤兰,42,女,安徽省,在职,已婚,销售
779,牟利,28,男,广东省,自由职业,未婚,白领
780,阎志强,42,男,重庆市,在职,未婚,白领
781,王红梅,40,女,江西省,自由职业,未婚,白领
782,杨龙,25,女,江西省,在职,未婚,白领
783,黄东,34,女,山西省,在职,未婚,白领
784,孟桂荣,41,男,吉林省,在职,已婚,公务员
785,刘志强,42,女,江西省,在职,未婚,白领
786,周秀荣,23,女,山东省,在职,未婚,教师
787,苏强,34,男,青海省,自由职业,离异,白领
788,马敏,25,女,西藏自治区,在职,已婚,公务员
789,刘伟,27,女,贵州省,在职,已婚,白领
790,杨静,44,女,北京市,自由职业,未婚,销售
791,李亮,41,女,天津市,在职,未婚,白领
792,张琴,33,女,澳门特别行政区,在职,未婚,工人
793,汪建,34,女,江苏省,在职,未婚,白领
794,李杨,34,男,辽宁省,自由职业,未婚,白领
795,刘杰,45,女,山西省,在职,已婚,白领
796,王岩,31,女,新疆维吾尔自治区,在职,已婚,销售
797,杨凤兰,38,男,河南省,在职,未婚,销售
798,练欣,19,女,北京市,在职,未婚,工人
799,袁玉珍,37,女,辽宁省,在职,未婚,白领
800,江杰,43,男,贵州省,自由职业,已婚,工人
801,余璐,40,女,山西省,在职,未婚,工人
802,曹玉,23,女,河北省,在职,未婚,教师
803,周龙,29,女,香港特别行政区,自由职业,未婚,教师
804,黄秀兰,22,男,广东省,自由职业,未婚,白领
805,刘凯,19,男,四川省,在职,离异,白领
806,蒲慧,25,女,澳门特别行政区,自由职业,未婚,工人
807,胡颖,24,男,广西壮族自治区,在职,未婚,白领
808,芦洋,25,男,四川省,在职,已婚,工人
809,白桂珍,30,男,江西省,在职,未婚,公务员
810,王秀华,35,女,湖南省,在职,未婚,白领
811,朱琳,29,女,上海市,在职,离异,教师
812,吴秀华,19,女,浙江省,自由职业,未婚,白领
813,王楠,42,女,上海市,自由职业,已婚,白领
814,颜晶,18,女,江苏省,在职,离异,销售
815,唐桂芳,16,男,宁夏回族自治区,在职,已婚,工人
816,潘岩,17,女,上海市,自由职业,已婚,工人
817,陈梅,45,男,台湾省,自由职业,已婚,销售
818,黄玉梅,16,男,山西省,在职,已婚,白领
819,杨建华,28,男,云南省,在职,离异,教师
820,叶帅,44,男,天津市,在职,已婚,教师
821,张洋,28,女,湖南省,在职,未婚,公务员
822,杨欢,42,男,云南省,在职,离异,工人
823,钱兵,36,男,重庆市,在职,未婚,白领
824,毛霞,25,男,浙江省,在职,已婚,公务员
825,王浩,26,男,云南省,在职,离异,教师
826,何秀梅,24,女,湖北省,自由职业,已婚,白领
827,夏坤,24,女,吉林省,自由职业,已婚,工人
828,廖红,21,男,台湾省,在职,已婚,白领
829,杨飞,16,男,甘肃省,在职,离异,白领
830,徐志强,26,男,吉林省,在职,未婚,公务员
831,沈金凤,41,女,甘肃省,自由职业,已婚,白领
832,刘东,17,男,广西壮族自治区,自由职业,未婚,白领
833,杨秀荣,43,男,辽宁省,自由职业,未婚,工人
834,杨雷,32,女,内蒙古自治区,在职,未婚,工人
835,张金凤,43,女,贵州省,自由职业,未婚,销售
836,阳玲,42,女,陕西省,在职,未婚,销售
837,陈桂兰,16,女,福建省,在职,已婚,白领
838,李倩,29,男,辽宁省,在职,未婚,白领
839,刘玉梅,37,男,山西省,在职,已婚,公务员
840,史莉,41,男,四川省,在职,未婚,白领
841,岳慧,26,女,浙江省,在职,已婚,教师
842,叶瑜,22,女,重庆市,在职,未婚,白领
843,梁雪梅,25,男,天津市,自由职业,离异,销售
844,韦成,27,男,福建省,在职,已婚,工人
845,江超,30,女,福建省,在职,已婚,白领
846,赵桂兰,44,男,北京市,自由职业,已婚,销售
847,周宇,35,男,山西省,在职,已婚,工人
848,张楠,33,男,湖北省,在职,未婚,工人
849,陈芳,21,女,广西壮族自治区,在职,未婚,公务员
850,曲伟,32,女,湖北省,自由职业,已婚,销售
851,姚峰,36,女,北京市,自由职业,未婚,白领
852,宋凤英,42,女,海南省,自由职业,已婚,教师
853,孙淑英,18,女,山东省,在职,未婚,销售
854,余文,31,女,黑龙江省,自由职业,已婚,销售
855,邹英,41,女,辽宁省,在职,未婚,白领
856,史桂芳,42,女,湖南省,自由职业,未婚,白领
857,侯浩,27,女,内蒙古自治区,在职,未婚,工人
858,吴秀芳,38,女,黑龙江省,在职,未婚,白领
859,李凤英,44,男,海南省,在职,已婚,销售
860,张玉,28,女,湖南省,在职,已婚,白领
861,李海燕,16,女,江苏省,自由职业,未婚,工人
862,霍春梅,28,女,安徽省,在职,离异,工人
863,张琴,17,男,辽宁省,在职,已婚,销售
864,翟洁,39,男,湖北省,在职,未婚,白领
865,王建,23,男,上海市,自由职业,未婚,白领
866,刘岩,42,男,浙江省,自由职业,离异,教师
867,刘建华,36,女,天津市,在职,已婚,白领
868,王玉兰,31,男,浙江省,在职,离异,白领
869,唐瑞,27,男,上海市,在职,未婚,白领
870,方华,23,男,河北省,在职,未婚,工人
871,熊玉华,45,女,台湾省,自由职业,已婚,白领
872,黄凤英,27,男,湖北省,在职,已婚,白领
873,钱玉兰,44,男,四川省,自由职业,已婚,白领
874,李杨,24,男,山东省,自由职业,未婚,工人
875,谢云,19,男,安徽省,自由职业,已婚,教师
876,萧丹丹,22,男,湖南省,在职,未婚,白领
877,李琴,18,男,湖南省,在职,未婚,工人
878,蒋桂香,45,女,山东省,在职,未婚,白领
879,吴平,20,男,甘肃省,在职,离异,工人
880,程鹏,45,男,重庆市,在职,未婚,公务员
881,刘玉华,20,男,山西省,在职,已婚,白领
882,冯琳,38,女,西藏自治区,在职,已婚,白领
883,郑桂英,19,男,西藏自治区,在职,已婚,工人
884,刘丽华,39,男,山西省,在职,已婚,白领
885,黄岩,30,女,天津市,在职,未婚,教师
886,张冬梅,37,男,河南省,自由职业,未婚,工人
887,戴凤英,42,男,陕西省,在职,已婚,白领
888,文桂花,40,女,广西壮族自治区,自由职业,已婚,白领
889,艾帆,28,女,宁夏回族自治区,自由职业,已婚,销售
890,黄瑜,23,男,北京市,在职,离异,公务员
891,武红霞,36,男,青海省,在职,离异,白领
892,郭鑫,42,女,重庆市,在职,已婚,教师
893,戴芳,26,女,河北省,自由职业,未婚,白领
894,崔平,19,男,澳门特别行政区,在职,已婚,销售
895,陈玉梅,32,女,山西省,在职,已婚,白领
896,金涛,26,男,上海市,在职,未婚,白领
897,张慧,42,女,上海市,在职,已婚,白领
898,谷丹丹,36,男,天津市,在职,未婚,白领
899,张燕,42,男,湖南省,在职,已婚,教师
900,邵丹,23,男,山东省,自由职业,已婚,公务员
901,蒋楠,29,女,湖南省,在职,已婚,白领
902,宁欢,35,男,山西省,在职,未婚,白领
903,孙海燕,37,女,黑龙江省,自由职业,已婚,工人
904,蒋玲,40,男,天津市,在职,未婚,工人
905,李想,38,男,云南省,在职,未婚,白领
906,张兵,28,女,黑龙江省,在职,未婚,白领
907,张淑珍,37,女,湖北省,在职,已婚,工人
908,宾利,26,女,河南省,在职,已婚,公务员
909,杨秀芳,40,女,湖北省,在职,未婚,工人
910,梁敏,28,女,广西壮族自治区,自由职业,已婚,白领
911,曹凤英,41,男,新疆维吾尔自治区,在职,未婚,公务员
912,栾健,20,女,台湾省,在职,已婚,公务员
913,刁波,43,男,台湾省,自由职业,已婚,工人
914,龚秀英,22,女,湖北省,在职,已婚,工人
915,刘秀芳,32,男,黑龙江省,在职,未婚,白领
916,何红,27,男,辽宁省,自由职业,已婚,白领
917,张英,21,女,云南省,自由职业,已婚,销售
918,张桂芝,45,男,浙江省,在职,已婚,白领
919,廖秀华,44,女,山西省,在职,未婚,白领
920,王璐,37,女,广东省,自由职业,已婚,工人
921,谢桂荣,16,男,福建省,自由职业,离异,公务员
922,杜凤兰,39,男,吉林省,自由职业,已婚,白领
923,杨建军,29,男,广西壮族自治区,在职,已婚,白领
924,李萍,35,男,台湾省,在职,已婚,白领
925,李海燕,33,女,吉林省,在职,离异,公务员
926,刘刚,29,女,甘肃省,在职,未婚,工人
927,周秀珍,39,男,江苏省,在职,未婚,白领
928,罗林,20,女,青海省,在职,已婚,白领
929,田秀华,18,男,澳门特别行政区,在职,已婚,白领
930,陈楠,16,女,浙江省,自由职业,已婚,工人
931,王梅,23,男,陕西省,自由职业,已婚,工人
932,曹秀芳,41,女,北京市,自由职业,已婚,白领
933,刘东,26,男,北京市,自由职业,已婚,销售
934,李桂花,32,女,江苏省,在职,已婚,白领
935,黄冬梅,30,男,山西省,在职,已婚,工人
936,巩婷,37,男,云南省,在职,已婚,工人
937,陈鑫,25,女,新疆维吾尔自治区,在职,已婚,公务员
938,曾玉英,39,女,吉林省,自由职业,未婚,教师
939,张楠,45,男,山西省,在职,离异,工人
940,任桂芝,19,男,江西省,在职,未婚,白领
941,叶璐,43,男,贵州省,自由职业,未婚,白领
942,梁婷,20,女,安徽省,在职,未婚,工人
943,陈宇,26,男,广东省,在职,未婚,工人
944,龙军,43,男,贵州省,自由职业,未婚,白领
945,唐洁,30,女,宁夏回族自治区,在职,已婚,白领
946,唐刚,36,男,宁夏回族自治区,在职,已婚,公务员
947,张林,38,男,安徽省,在职,已婚,公务员
948,李佳,44,男,宁夏回族自治区,自由职业,已婚,销售
949,朱桂英,24,男,陕西省,自由职业,已婚,白领
950,王桂花,42,女,宁夏回族自治区,在职,已婚,教师
951,韩想,18,男,上海市,自由职业,已婚,公务员
952,萧丽华,21,女,天津市,在职,未婚,工人
953,李玉,41,男,贵州省,自由职业,已婚,销售
954,都燕,40,男,浙江省,自由职业,未婚,公务员
955,王刚,25,女,江西省,在职,未婚,销售
956,董旭,18,女,内蒙古自治区,在职,未婚,销售
957,李佳,44,女,上海市,自由职业,未婚,工人
958,李英,38,女,宁夏回族自治区,在职,已婚,工人
959,熊丽,37,男,浙江省,自由职业,已婚,白领
960,曹凯,42,男,宁夏回族自治区,在职,已婚,公务员
961,单婷婷,21,男,广西壮族自治区,在职,已婚,白领
962,王秀珍,44,男,台湾省,自由职业,未婚,白领
963,邓建,20,女,黑龙江省,自由职业,离异,白领
964,王志强,17,男,江苏省,在职,已婚,白领
965,张淑英,42,男,宁夏回族自治区,在职,已婚,白领
966,饶浩,24,女,青海省,在职,未婚,白领
967,方文,22,女,天津市,在职,未婚,白领
968,贺宇,22,女,黑龙江省,在职,已婚,工人
969,郭雪,24,女,河北省,自由职业,未婚,教师
970,甘凯,26,男,吉林省,自由职业,已婚,白领
971,谢浩,17,男,重庆市,在职,未婚,教师
972,孙瑜,36,男,湖北省,在职,已婚,白领
973,萧凤英,33,男,安徽省,在职,已婚,销售
974,吴春梅,19,女,河南省,在职,离异,白领
975,李凤兰,26,女,河南省,在职,未婚,白领
976,刘琳,28,女,广东省,自由职业,未婚,白领
977,王杰,17,男,新疆维吾尔自治区,自由职业,已婚,白领
978,吴玉,31,男,陕西省,自由职业,已婚,教师
979,侯玉兰,36,女,河南省,在职,未婚,白领
980,吴金凤,34,女,云南省,自由职业,已婚,销售
981,萧成,17,男,福建省,在职,已婚,白领
982,杨博,28,男,山东省,在职,已婚,白领
983,卢颖,19,女,黑龙江省,在职,已婚,教师
984,谢玉,36,男,山西省,在职,未婚,白领
985,江浩,44,女,湖南省,自由职业,已婚,工人
986,廉帆,35,女,辽宁省,在职,已婚,公务员
987,张成,30,女,山东省,在职,离异,白领
988,宫琳,27,女,西藏自治区,在职,未婚,销售
989,徐洋,43,女,广东省,自由职业,已婚,白领
990,何俊,43,女,宁夏回族自治区,在职,未婚,公务员
991,宋帅,34,女,辽宁省,自由职业,未婚,白领
992,徐娟,22,男,贵州省,在职,已婚,教师
993,范玉,23,男,山西省,在职,未婚,工人
994,卢勇,16,男,甘肃省,在职,未婚,白领
995,余秀兰,28,女,台湾省,在职,已婚,公务员
996,朱建国,40,男,河北省,在职,未婚,白领
997,张瑞,34,男,福建省,在职,离异,销售
998,杨楠,33,女,福建省,自由职业,未婚,白领
999,李强,20,男,内蒙古自治区,在职,未婚,白领
